{
  "accuracy": 0.8635294117647059,
  "precision": 0.8617886178861789,
  "recall": 0.9447415329768271,
  "f1": 0.9013605442176871,
  "roc_auc": 0.9465764915591903,
  "average_precision": 0.9729747124302042,
  "confusion_matrix": [
    [
      204,
      85
    ],
    [
      31,
      530
    ]
  ],
  "classification_report": {
    "0": {
      "precision": 0.8680851063829788,
      "recall": 0.7058823529411765,
      "f1-score": 0.7786259541984732,
      "support": 289.0
    },
    "1": {
      "precision": 0.8617886178861789,
      "recall": 0.9447415329768271,
      "f1-score": 0.9013605442176871,
      "support": 561.0
    },
    "accuracy": 0.8635294117647059,
    "macro avg": {
      "precision": 0.8649368621345788,
      "recall": 0.8253119429590018,
      "f1-score": 0.8399932492080802,
      "support": 850.0
    },
    "weighted avg": {
      "precision": 0.8639294239750908,
      "recall": 0.8635294117647059,
      "f1-score": 0.8596307836111544,
      "support": 850.0
    }
  },
  "best_cv_score": 0.9470718272749942,
  "n_trials": 2
}